<editors>
  <editor id="CTR_LOGLEVEL">
    <range uom="25" subset="0,10,20,30,40,50" nls="IX_CTR_LL" />
  </editor>
  <editor id="CFN_ST">
    <!-- ISY Percent UOM -->
    <range uom="51" subset="0-100" nls="IX_CFN_ST" />
  </editor>
  <editor id="CFN_SPEED">
    <!-- ISY Percent UOM -->
    <range uom="56" subset="1-10" />
  </editor>
  <editor id="CFN_DIR">
    <!-- ISY Index UOM with custom labels in NLS -->
    <range uom="25" subset="0-2" nls="IX_CFN_DIR" />
  </editor>
  <editor id="LGT_ST">
    <!-- ISY On/Off UOM -->
    <range uom="51" subset="0-100" nls="IX_LGT_ST" />
  </editor>
  <editor id="NDL_ST">
    <!-- ISY On/Off UOM -->
    <range uom="78" />
  </editor>
  <editor id="SHD_ST">
    <!-- ISY Barrier Status UOM -->
    <range uom="97" />
  </editor>
  <editor id="FPL_ST">
    <!-- ISY On/Off UOM -->
    <range uom="78" />
  </editor>
  <editor id="GNR_ST">
    <!-- ISY On/Off UOM -->
    <range uom="78" />
  </editor>
</editors>